-- phpMyAdmin SQL Dump
-- version 5.0.4
-- https://www.phpmyadmin.net/
--
-- Host: 127.0.0.1
-- Waktu pembuatan: 21 Apr 2021 pada 03.51
-- Versi server: 10.4.16-MariaDB
-- Versi PHP: 7.4.12

SET SQL_MODE = "NO_AUTO_VALUE_ON_ZERO";
START TRANSACTION;
SET time_zone = "+00:00";


/*!40101 SET @OLD_CHARACTER_SET_CLIENT=@@CHARACTER_SET_CLIENT */;
/*!40101 SET @OLD_CHARACTER_SET_RESULTS=@@CHARACTER_SET_RESULTS */;
/*!40101 SET @OLD_COLLATION_CONNECTION=@@COLLATION_CONNECTION */;
/*!40101 SET NAMES utf8mb4 */;

--
-- Database: `penjualan`
--

-- --------------------------------------------------------

--
-- Struktur dari tabel `barang`
--

CREATE TABLE `barang` (
  `id_barang` int(11) NOT NULL,
  `nama_barang` varchar(20) NOT NULL,
  `harga` int(11) DEFAULT NULL,
  `stok` int(11) DEFAULT NULL,
  `id_supplier` int(11) NOT NULL
) ENGINE=InnoDB DEFAULT CHARSET=latin1;

--
-- Dumping data untuk tabel `barang`
--

INSERT INTO `barang` (`id_barang`, `nama_barang`, `harga`, `stok`, `id_supplier`) VALUES
(1, 'baju', 85000, 35, 1),
(2, 'jaket', 250000, 17, 2),
(3, 'Rok plisket', 56000, 17, 3),
(4, 'jilbab', 85000, 10, 4),
(5, 'Gamis', 179000, 13, 5),
(6, 'kaos kaki', 12000, 30, 6);

-- --------------------------------------------------------

--
-- Struktur dari tabel `pembayaran`
--

CREATE TABLE `pembayaran` (
  `id_pembayaran` int(11) NOT NULL,
  `tgl_bayar` date NOT NULL,
  `total_bayar` int(11) NOT NULL,
  `id_transaksi` int(11) NOT NULL
) ENGINE=InnoDB DEFAULT CHARSET=latin1;

--
-- Dumping data untuk tabel `pembayaran`
--

INSERT INTO `pembayaran` (`id_pembayaran`, `tgl_bayar`, `total_bayar`, `id_transaksi`) VALUES
(101, '2021-03-01', 85000, 111),
(102, '2021-03-02', 85000, 112),
(103, '2021-03-03', 75000, 113),
(104, '2021-03-04', 150000, 114),
(105, '2021-03-05', 254000, 115);

-- --------------------------------------------------------

--
-- Struktur dari tabel `pembeli`
--

CREATE TABLE `pembeli` (
  `id_pembeli` int(11) NOT NULL,
  `nama_pembeli` varchar(30) NOT NULL,
  `jk` char(1) NOT NULL,
  `no_telp` char(14) NOT NULL,
  `alamat` varchar(50) NOT NULL
) ENGINE=InnoDB DEFAULT CHARSET=latin1;

--
-- Dumping data untuk tabel `pembeli`
--

INSERT INTO `pembeli` (`id_pembeli`, `nama_pembeli`, `jk`, `no_telp`, `alamat`) VALUES
(1001, 'Dwi Tri', 'P', '027895432678', 'Sleman'),
(1002, 'Fitriana', 'P', '0987654321', 'Seyegan'),
(1003, 'Andrian', 'L', '0987654356', 'Godean'),
(1004, 'Riska', 'P', '0987654390', 'Wonosobo'),
(1005, 'Fahrul', 'L', '09876543998', 'Sleman');

-- --------------------------------------------------------

--
-- Struktur dari tabel `supplier`
--

CREATE TABLE `supplier` (
  `id_supplier` int(11) NOT NULL,
  `nama_supplier` varchar(30) NOT NULL,
  `no_telp` char(13) NOT NULL,
  `alamat` varchar(100) NOT NULL
) ENGINE=InnoDB DEFAULT CHARSET=latin1;

--
-- Dumping data untuk tabel `supplier`
--

INSERT INTO `supplier` (`id_supplier`, `nama_supplier`, `no_telp`, `alamat`) VALUES
(1, 'dina', '09876578', 'magelang'),
(2, 'Lastri', '0987654', 'Bantul'),
(3, 'mira', '098721345', 'Yogyakarta'),
(4, 'Ariya', '098721349', 'Wonosari'),
(5, 'rahma', '0987213410', 'Kulonprogo');

-- --------------------------------------------------------

--
-- Struktur dari tabel `transaksi`
--

CREATE TABLE `transaksi` (
  `id_transaksi` int(11) NOT NULL,
  `id_barang` int(11) NOT NULL,
  `id_pembeli` int(11) NOT NULL,
  `tanggal` date NOT NULL,
  `keterangan` varchar(100) NOT NULL
) ENGINE=InnoDB DEFAULT CHARSET=latin1;

--
-- Dumping data untuk tabel `transaksi`
--

INSERT INTO `transaksi` (`id_transaksi`, `id_barang`, `id_pembeli`, `tanggal`, `keterangan`) VALUES
(111, 5, 1001, '2021-03-01', 'tunai'),
(112, 1, 1005, '2021-03-03', 'tunai'),
(113, 4, 1002, '2021-03-04', 'tunai'),
(114, 2, 1003, '2021-03-04', 'tunai'),
(115, 3, 1004, '2021-03-05', 'tunai');

--
-- Indexes for dumped tables
--

--
-- Indeks untuk tabel `barang`
--
ALTER TABLE `barang`
  ADD PRIMARY KEY (`id_barang`),
  ADD KEY `id_supplier` (`id_supplier`);

--
-- Indeks untuk tabel `pembayaran`
--
ALTER TABLE `pembayaran`
  ADD PRIMARY KEY (`id_pembayaran`),
  ADD KEY `id_transaksi` (`id_transaksi`);

--
-- Indeks untuk tabel `pembeli`
--
ALTER TABLE `pembeli`
  ADD PRIMARY KEY (`id_pembeli`);

--
-- Indeks untuk tabel `supplier`
--
ALTER TABLE `supplier`
  ADD PRIMARY KEY (`id_supplier`);

--
-- Indeks untuk tabel `transaksi`
--
ALTER TABLE `transaksi`
  ADD PRIMARY KEY (`id_transaksi`),
  ADD KEY `id_barang` (`id_barang`),
  ADD KEY `id_pembeli` (`id_pembeli`);

--
-- AUTO_INCREMENT untuk tabel yang dibuang
--

--
-- AUTO_INCREMENT untuk tabel `barang`
--
ALTER TABLE `barang`
  MODIFY `id_barang` int(11) NOT NULL AUTO_INCREMENT, AUTO_INCREMENT=80;

--
-- AUTO_INCREMENT untuk tabel `pembayaran`
--
ALTER TABLE `pembayaran`
  MODIFY `id_pembayaran` int(11) NOT NULL AUTO_INCREMENT, AUTO_INCREMENT=106;

--
-- AUTO_INCREMENT untuk tabel `pembeli`
--
ALTER TABLE `pembeli`
  MODIFY `id_pembeli` int(11) NOT NULL AUTO_INCREMENT, AUTO_INCREMENT=1006;

--
-- AUTO_INCREMENT untuk tabel `supplier`
--
ALTER TABLE `supplier`
  MODIFY `id_supplier` int(11) NOT NULL AUTO_INCREMENT, AUTO_INCREMENT=6;

--
-- AUTO_INCREMENT untuk tabel `transaksi`
--
ALTER TABLE `transaksi`
  MODIFY `id_transaksi` int(11) NOT NULL AUTO_INCREMENT, AUTO_INCREMENT=116;

--
-- Ketidakleluasaan untuk tabel pelimpahan (Dumped Tables)
--

--
-- Ketidakleluasaan untuk tabel `supplier`
--
ALTER TABLE `supplier`
  ADD CONSTRAINT `supplier_ibfk_1` FOREIGN KEY (`id_supplier`) REFERENCES `barang` (`id_supplier`);

--
-- Ketidakleluasaan untuk tabel `transaksi`
--
ALTER TABLE `transaksi`
  ADD CONSTRAINT `transaksi_ibfk_1` FOREIGN KEY (`id_barang`) REFERENCES `barang` (`id_barang`),
  ADD CONSTRAINT `transaksi_ibfk_2` FOREIGN KEY (`id_pembeli`) REFERENCES `pembeli` (`id_pembeli`),
  ADD CONSTRAINT `transaksi_ibfk_3` FOREIGN KEY (`id_transaksi`) REFERENCES `pembayaran` (`id_transaksi`);
COMMIT;

/*!40101 SET CHARACTER_SET_CLIENT=@OLD_CHARACTER_SET_CLIENT */;
/*!40101 SET CHARACTER_SET_RESULTS=@OLD_CHARACTER_SET_RESULTS */;
/*!40101 SET COLLATION_CONNECTION=@OLD_COLLATION_CONNECTION */;
